curso,
Mecânico de Usinagem,
Mecânico de Usinagem,
Mecânico de Usinagem,
Mecânico de Usinagem,
Mecânico de Usinagem,
Mecânico de Usinagem,
Mecânico de Usinagem,
Mecânico de Usinagem,
Mecânico de Usinagem,
Mecânico de Usinagem,
Mecânico de Usinagem,
Mecânico de Usinagem,
Mecânico de Usinagem,
Mecânico de Usinagem,
Mecânico de Usinagem,
Mecânico de Usinagem,
Mecânico de Usinagem,
Mecânico de Usinagem,
Mecânico de Usinagem,
Mecânico de Usinagem,
Mecânico de Usinagem,
Mecânico de Usinagem,
Mecânico de Usinagem,
Mecânico de Usinagem,
Mecânico de Usinagem,
Mecânico de Usinagem,
Mecânico de Usinagem,
Mecânico de Usinagem,
NR - 11 - Operação de Ponte Rolante,
NR - 11 - Operação de Ponte Rolante,
NR - 11 - Operação de Ponte Rolante,
NR - 11 - Operação de Ponte Rolante,
NR - 11 - Operação de Ponte Rolante,
NR - 11 - Operação de Ponte Rolante,
NR - 11 - Operação de Ponte Rolante,
NR - 11 - Operação de Ponte Rolante,
NR - 11 - Operação de Ponte Rolante,
NR - 11 - Operação de Ponte Rolante,
NR - 11 - Operação de Ponte Rolante,
NR - 11 - Operação de Ponte Rolante,
Operador de Empilhadeira de Pequeno Porte,
Operador de Empilhadeira de Pequeno Porte,
Operador de Empilhadeira de Pequeno Porte,
Operador de Empilhadeira de Pequeno Porte,
Operador de Empilhadeira de Pequeno Porte,
Operador de Empilhadeira de Pequeno Porte,
Operador de Empilhadeira de Pequeno Porte,
Operador de Empilhadeira de Pequeno Porte,
Operador de Empilhadeira de Pequeno Porte,
Operador de Empilhadeira de Pequeno Porte,
Operador de Empilhadeira de Pequeno Porte,
Operador de Empilhadeira de Pequeno Porte,
Operador de Empilhadeira de Pequeno Porte,
Operador de Empilhadeira de Pequeno Porte,
Operador de Empilhadeira de Pequeno Porte,
Operador de Empilhadeira de Pequeno Porte,
5S,
5S,
5S,
5S,
5S,
5S,
5S,
5S,
5S,
5S,
5S,
5S,
5S,
5S,
5S,
5S,
5S,
5S,
5S,
5S,
Analista da Qualidade,
Analista da Qualidade,
Analista da Qualidade,
Analista da Qualidade,
Analista da Qualidade,
Analista da Qualidade,
Analista da Qualidade,
Analista da Qualidade,
Automação de Iluminação com Dispositivos Inteligentes,
Automação de Iluminação com Dispositivos Inteligentes,
Automação de Iluminação com Dispositivos Inteligentes,
Automação de Iluminação com Dispositivos Inteligentes,
Automação de Iluminação com Dispositivos Inteligentes,
Automação de Iluminação com Dispositivos Inteligentes,
Automação de Iluminação com Dispositivos Inteligentes,
Automação de Iluminação com Dispositivos Inteligentes,
Automação de Iluminação com Dispositivos Inteligentes,
Automação de Iluminação com Dispositivos Inteligentes,
Automação de Iluminação com Dispositivos Inteligentes,
Automação de Iluminação com Dispositivos Inteligentes,
Automação de Iluminação com Dispositivos Inteligentes,
Automação de Iluminação com Dispositivos Inteligentes,
Automação de Iluminação com Dispositivos Inteligentes,
Automação de Iluminação com Dispositivos Inteligentes,
Automação de Iluminação com Dispositivos Inteligentes,
Auxiliar De Almoxarife,
Auxiliar De Almoxarife,
Auxiliar De Almoxarife,
Auxiliar De Almoxarife,
Auxiliar De Almoxarife,
Auxiliar De Almoxarife,
Auxiliar De Almoxarife,
Auxiliar De Almoxarife,
Auxiliar Mecânico de Manutenção,
Auxiliar Mecânico de Manutenção,
Auxiliar Mecânico de Manutenção,
Auxiliar Mecânico de Manutenção,
Auxiliar Mecânico de Manutenção,
Auxiliar Mecânico de Manutenção,
Auxiliar Mecânico de Manutenção,
Auxiliar Mecânico de Manutenção,
Auxiliar Mecânico de Manutenção,
Black Belt em Lean Seis Sigma,
Black Belt em Lean Seis Sigma,
Black Belt em Lean Seis Sigma,
Black Belt em Lean Seis Sigma,
Black Belt em Lean Seis Sigma,
Black Belt em Lean Seis Sigma,
Black Belt em Lean Seis Sigma,
Black Belt em Lean Seis Sigma,
Cálculo da Folha de Pagamento,
Cálculo da Folha de Pagamento,
Cálculo da Folha de Pagamento,
Cálculo da Folha de Pagamento,
Cálculo da Folha de Pagamento,
Cálculo da Folha de Pagamento,
Cálculo da Folha de Pagamento,
Cálculo da Folha de Pagamento,
Cálculo da Folha de Pagamento,
Cálculo da Folha de Pagamento,
Cálculo da Folha de Pagamento,
Caldeireiro Montador,
Caldeireiro Montador,
Caldeireiro Montador,
Caldeireiro Montador,
Caldeireiro Montador,
Caldeireiro Montador,
Caldeireiro Montador,
Caldeireiro Montador,
Caldeireiro Montador,
Caldeireiro Montador,
Caldeireiro Montador,
Caldeireiro Montador,
Caldeireiro Montador,
Caldeireiro Montador,
Caldeireiro Montador,
Caldeireiro Montador,
Caldeireiro Montador,
COMUNICAÇÃO EM LIBRAS E LÍNGUA PORTUGUESA ESCRITA,
COMUNICAÇÃO EM LIBRAS E LÍNGUA PORTUGUESA ESCRITA,
COMUNICAÇÃO EM LIBRAS E LÍNGUA PORTUGUESA ESCRITA,
COMUNICAÇÃO EM LIBRAS E LÍNGUA PORTUGUESA ESCRITA,
COMUNICAÇÃO EM LIBRAS E LÍNGUA PORTUGUESA ESCRITA,
COMUNICAÇÃO EM LIBRAS E LÍNGUA PORTUGUESA ESCRITA,
COMUNICAÇÃO EM LIBRAS E LÍNGUA PORTUGUESA ESCRITA,
COMUNICAÇÃO EM LIBRAS E LÍNGUA PORTUGUESA ESCRITA,
Energia Solar Fotovoltaica - Tecnologias e Aplicações,
Energia Solar Fotovoltaica - Tecnologias e Aplicações,
Energia Solar Fotovoltaica - Tecnologias e Aplicações,
Energia Solar Fotovoltaica - Tecnologias e Aplicações,
Energia Solar Fotovoltaica - Tecnologias e Aplicações,
Energia Solar Fotovoltaica - Tecnologias e Aplicações,
Energia Solar Fotovoltaica - Tecnologias e Aplicações,
Energia Solar Fotovoltaica - Tecnologias e Aplicações,
Energia Solar Fotovoltaica - Tecnologias e Aplicações,
Energia Solar Fotovoltaica - Tecnologias e Aplicações,
Energia Solar Fotovoltaica - Tecnologias e Aplicações,
Energia Solar Fotovoltaica - Tecnologias e Aplicações,
Energia Solar Fotovoltaica - Tecnologias e Aplicações,
Energia Solar Fotovoltaica - Tecnologias e Aplicações,
Energia Solar Fotovoltaica - Tecnologias e Aplicações,
Energia Solar Fotovoltaica - Tecnologias e Aplicações,
Energia Solar Fotovoltaica - Tecnologias e Aplicações,
Energia Solar Fotovoltaica - Tecnologias e Aplicações,
Energia Solar Fotovoltaica - Tecnologias e Aplicações,
Excel Básico,
Excel Básico,
Excel Básico,
Excel Básico,
Excel Básico,
Excel Básico,
Excel Básico,
Excel Básico,
Excel Básico,
Excel Básico,
Excel Básico,
Excel Básico,
Excel Completo,
Excel Completo,
Excel Completo,
Excel Completo,
Excel Completo,
Excel Completo,
Excel Completo,
Excel Completo,
Excel Completo,
Excel Completo,
Excel Completo,
Implantação de Serviços em Nuvem AWS - Arquiteto de Soluções Associate,
Implantação de Serviços em Nuvem AWS - Arquiteto de Soluções Associate,
Implantação de Serviços em Nuvem AWS - Arquiteto de Soluções Associate,
Implantação de Serviços em Nuvem AWS - Arquiteto de Soluções Associate,
Implantação de Serviços em Nuvem AWS - Arquiteto de Soluções Associate,
Implantação de Serviços em Nuvem AWS - Arquiteto de Soluções Associate,
Implantação de Serviços em Nuvem AWS - Arquiteto de Soluções Associate,
Implantação de Serviços em Nuvem AWS - Arquiteto de Soluções Associate,
Implantação de Serviços em Nuvem AWS - Arquiteto de Soluções Associate,
Inspetor de Qualidade,
Inspetor de Qualidade,
Inspetor de Qualidade,
Inspetor de Qualidade,
Inspetor de Qualidade,
Inspetor de Qualidade,
Inspetor de Qualidade,
Inspetor de Qualidade,
Inspetor de Qualidade,
Inspetor de Qualidade,
Inspetor de Qualidade,
Inspetor de Qualidade,
Inspetor de Qualidade,
Inspetor de Qualidade,
Inspetor de Qualidade,
Inspetor de Qualidade,
Inspetor de Qualidade,
Inspetor de Qualidade,
Inspetor de Qualidade,
Inspetor de Qualidade,
Inspetor de Qualidade,
Inspetor de Qualidade,
Inspetor de Qualidade,
Inspetor de Qualidade,
Inspetor de Qualidade,
Inspetor de Qualidade,
Inspetor de Qualidade,
Inspetor de Qualidade,
Inspetor de Qualidade,
Inspetor de Qualidade,
Inspetor de Qualidade,
Inspetor de Qualidade,
Inspetor de Qualidade,
Inspetor de Qualidade,
Instalador de Sistemas Fotovoltaicos,
Instalador de Sistemas Fotovoltaicos,
Instalador de Sistemas Fotovoltaicos,
Instalador de Sistemas Fotovoltaicos,
Instalador de Sistemas Fotovoltaicos,
Instalador de Sistemas Fotovoltaicos,
Instalador de Sistemas Fotovoltaicos,
Instalador de Sistemas Fotovoltaicos,
Instalador de Sistemas Fotovoltaicos,
Instalador de Sistemas Fotovoltaicos,
Instalador de Sistemas Fotovoltaicos,
Operador de Empilhadeira de Pequeno Porte,
Operador de Empilhadeira de Pequeno Porte,
Operador de Empilhadeira de Pequeno Porte,
Operador de Empilhadeira de Pequeno Porte,
Pacote Office,
Pacote Office,
Pacote Office,
Pacote Office,
Pacote Office,
Pacote Office,
Pacote Office,
Pacote Office,
Pacote Office,
Pacote Office,
Pacote Office,
Pacote Office,
Pacote Office,
Pacote Office,
Pacote Office,
Pacote Office,
Pacote Office,
Programação em Python,
Programação em Python,
Programação em Python,
Programação em Python,
Programação em Python,
Programação em Python,
Programação em Python,
Programação em Python,
Programação em Python,
Programação em Python,
Programação em Python,
Programação em Python,
Programação em Python,
Programação em Python,
Programação em Python,
Programação em Python,
Programação em Python,
Programação em Python,
Programação em Python,
SOLIDWORKS,
SOLIDWORKS,
SOLIDWORKS,
SOLIDWORKS,
SOLIDWORKS,
SOLIDWORKS,
SOLIDWORKS,
SOLIDWORKS,
SOLIDWORKS,
Torneiro Mecânico,
Torneiro Mecânico,
Torneiro Mecânico,
Torneiro Mecânico,
Torneiro Mecânico,
Torneiro Mecânico,
Torneiro Mecânico,
Torneiro Mecânico,
Torneiro Mecânico,
Torneiro Mecânico,
Torneiro Mecânico,
